launch_date,store_code,store_name,total_order,page,row_index,,ETL_Flag,Near to
,TS0,Testing Store,724,1,3,,,
31/10/25,A814,Rani Bazar Bikaner,26,1,4,,,
28/09/25,A885,Nokha Bikaner,209,1,6,,,
30/09/25,A917,Gandhi Nagar,157,1,8,,,
31/10/25,C021,Gajraula UP,120,1,10,,,
11/09/25,A764,Sarkanda Bilaspur,174,1,12,,,
05/09/25,A867,Ambikapur 2,226,1,14,,,
21/08/25,A825,Panipat 2 Haryana,119,1,16,,,
13/10/25,A944,Narnaul Haryana,124,1,18,,,
10/10/25,A982,Bhiwani Haryana,173,1,20,,,
26/12/23,A018,Mumbai Byculla,221,1,22,,,
15/01/24,A019,Chattisgarh,465,1,24,,,
08/01/24,A022,Kullu Bhuntar,234,1,26,,,
19/04/24,A032,Kolkata South,256,1,28,,,
24/01/24,A038,Vrindavan UP,207,1,30,,,
23/12/23,A040,New Gurgaon,260,1,32,,,
05/03/24,A055,Ranchi Booty More,199,1,34,,,
15/04/24,A061,Raipur Telibandha,258,1,36,,,
30/07/24,A066,Dhanbad Dhaiya,308,1,38,,,
14/03/24,A117,Patna Sipara,174,1,40,,,
30/10/24,A124,Daltonganj,248,1,42,,,
10/05/24,A138,Jamshedpur,235,1,44,,,
25/04/24,A139,Ranchi Pandra,327,1,46,,,
22/03/24,A142,Delhi Vijay Nagar,323,1,48,Valid,TRUE,Vishal Home
27/05/24,A154,Ambala Sector,312,1,50,,,
13/04/24,A164,Jamshedpur Mango,231,2,3,,,
21/05/24,A171,Patna Mainpura,166,2,5,,,
15/05/24,A174,Agra Paliwal Park,142,2,7,,,
13/08/24,A183,Ramgarh,213,2,9,,,
27/04/24,A186,Patna Doctor Colony,237,2,11,,,
21/05/24,A251,Jammu Talab,144,2,13,,,
07/11/24,A340,Pakur Jharkhand,152,2,15,,,
31/07/24,A353,Godda Nahar,236,2,17,,,
14/11/24,A450,Sehore Madhya,177,2,19,,,
28/01/25,A476,Jugsalai,277,2,21,,,
21/01/25,A542,Sahibganj Jharkhand,185,2,23,,,
10/05/25,B015,Nolambur Chennai,41,2,25,,,
17/04/21,T108,Tumbledry KPHB,138,2,27,,,
07/10/21,T157,Tumbledry SGPGI,185,2,29,,,
31/05/25,T159,Begumpet,138,2,31,,,
12/12/21,T168,Tumbledry Munger,327,2,33,,,
13/05/22,T176,Khagaria Bihar,179,2,35,,,
31/10/21,T186,Tumbledry,54,2,37,,,
17/06/22,T254,Ramavarapadu,87,2,39,,,
28/06/22,T255,Manish Nagar,58,2,41,,,
04/06/22,T263,Yelahanka 2,141,2,43,,,
16/06/22,T264,Pathankot Punjab,82,2,45,,,
22/04/23,T304,Jalgaon Maharashtra,153,2,47,,,
31/08/22,T310,Butibori Nagpur,86,2,49,,,
25/08/22,T315,Anisabad Patna,184,2,51,,,
17/08/22,T326,MDC Manimajra,113,2,53,,,
31/07/22,T328,Satellite 2,84,3,2,,,
22/10/22,T365,Padrauna,277,3,4,,,
11/12/23,T391,Rajarampuri,72,3,6,,,
22/11/22,T396,Barpeta Road,109,3,8,,,
21/10/22,T397,Old Ranipur Mode,290,3,10,,,
30/11/22,T424,Udaipur Tripura,143,3,12,,,
13/11/22,T436,Ausa Road Latur,239,3,14,,,
22/11/22,T446,Vijay Nagar Indore,74,3,16,,,
21/11/22,T464,Silchar Assam,181,3,18,,,
19/01/23,T492,Jalahalli Bangalore,206,3,20,,,
30/04/23,T510,MR10 Indrore,192,3,22,,,
10/02/23,T538,Churachandpur,86,3,24,,,
16/09/23,T549,Gulbarga 2,230,3,26,,,
27/09/23,T559,Mumbai Malad,21,3,28,,,
22/03/23,T575,Tinsukia Assam,144,3,30,,,
25/03/23,T576,Gomti Nagar,183,3,32,,,
20/02/23,T580,New Silchar Assam,145,3,34,,,
12/04/23,T588,Nerchowk Mandi,277,3,36,,,
17/04/23,T611,Chala Vapi Gujrat,257,3,38,,,
18/04/23,T612,RT Nagar Bangalore,98,3,40,,,
23/06/23,T615,Bariatu Ranchi,125,3,42,,,
10/05/23,T643,Mokokchung,186,3,44,,,
26/04/23,T654,Majiwada Thane,131,3,46,,,
22/04/23,T658,Nolambur Chennai,158,3,48,,,
14/07/23,T674,Ashok Nagar,124,3,50,,,
18/05/23,T675,Bahadurgarh,120,3,52,,,
26/05/23,T684,Navsari Gujarat,167,3,54,,,
29/08/23,T707,Jharkhand Giridih,128,4,3,,,
19/07/23,T713,Jammu Sainik,172,4,5,,,
18/05/23,T722,Thaltez Ahmedabad,91,4,7,,,
31/07/23,T745,Nagpur Beltarodi,295,4,9,,,
23/08/23,T752,Sodepur West,119,4,11,,,
28/09/23,T765,Rourkela Civil,330,4,13,,,
29/05/24,T769,Bihar Hajipur Vaishali,71,4,15,,,
07/11/23,T774,Nalanda Biharsharif,104,4,17,,,
20/11/23,T789,Satara Maharashtra,62,4,19,,,
25/10/23,T795,Kharmanghat,52,4,21,,,
31/10/23,T802,Haridevpur SOUTH,114,4,23,,,
30/09/23,T805,Hyderabad Alwal,215,4,25,,,
28/09/23,T813,Berhampur,113,4,27,,,
31/08/23,T834,Bangalore,162,4,29,,,
24/08/23,T842,Mumbai Borivali,250,4,31,,,
27/09/23,T844,Dewas Jawahar,68,4,33,,,
21/10/23,T855,Barasat North,322,4,35,,,
31/10/23,T871,Jamshedpur Dimna,123,4,37,,,
15/10/23,T877,Bihar Jehanabad,360,4,39,,,
30/10/23,T881,Srinagar Lal Bazar,162,4,41,,,
21/01/24,T892,kolkata Baguihati,245,4,43,,,
29/11/23,T895,Dhanbad Govindpur,167,4,45,,,
30/11/23,T898,Angul Urban,323,4,47,,,
11/11/23,T899,Roorkee Civil Lines,351,4,49,,,
22/01/24,T911,Pune Kiwale,148,4,51,,,
28/10/23,T918,Goa Kadamba,126,4,53,,,
26/12/23,T932,Kangra HP,250,5,2,,,
17/11/23,T958,Siliguri Sevoke,168,5,4,,,
12/12/23,T968,Bihar Saharsa,369,5,6,,,
30/07/24,T975,Jamshedpur Sonari,137,5,8,,,
27/11/23,T977,Mumbai Miraroad,214,5,10,,,
27/04/24,T980,Cuttack Phulnakhra,81,5,12,,,
20/05/24,T997,Delhi Shastri Nagar,247,5,14,Valid,TRUE,Vishal Home
12/08/19,TS14,tumbledry Paschim,77,5,16,,,
29/12/20,TS69,Azamgarh,457,5,18,,,
19/01/21,TS80,Tumbledry Dhanbad,354,5,20,,,
05/02/21,TS85,Tumbledry Moshi,281,5,22,,,
05/09/25,A182,Pune NarheAmbeG,83,5,24,,,
05/10/25,A833,Ayodhya Nagar,102,5,26,,,
10/10/25,C002,BEED LOCATION,246,5,28,,,
30/05/25,A008,Mumbai Kandivali,115,5,30,,,
08/05/24,A058,Olavakode Palakkad,198,5,32,,,
02/05/24,A069,Kochi Eroor,1,5,34,,,
11/06/24,A086,Trivandrum,224,5,36,,,
25/06/24,A131,Chennai Perambur,119,5,38,,,
27/05/24,A147,Tamilnadu Vellore,212,5,40,,,
31/10/25,A148,Bangalore,172,5,42,,,
24/04/24,A156,Hyderabad,120,5,44,,,
29/06/24,A158,Kannur Thalassery,118,5,46,,,
09/04/24,A160,Manglore Mudabidre,262,5,48,,,
30/09/24,A166,Bokaro Chas,127,5,50,,,
04/01/25,A169,Kannur Bhartiya,150,5,52,,,
29/06/24,A196,Mangalore Padeel,217,5,54,,,
05/09/24,A203,Manipur Senapati,71,6,3,,,
24/06/24,A210,Bangalore,215,6,5,,,
13/08/24,A212,Varanasi Maldahiya,251,6,7,,,
29/06/24,A229,Bangalore,225,6,9,,,
21/06/24,A231,Tamilnadu,79,6,11,,,
23/07/24,A250,Mahbubnagar,98,6,13,,,
30/09/24,A261,Palani Tamil Nadu,73,6,15,,,
31/08/24,A273,Keeranatham,207,6,17,,,
24/06/24,A282,Firozabad UP,6,6,19,,,
08/11/24,A291,Mukundopur West,189,6,21,,,
21/12/24,A294,Kismatpur,64,6,23,,,
25/06/24,A299,Etah UP,206,6,25,,,
01/01/25,A301,Burdwan WB,152,6,27,,,
28/05/25,A320,Bhawanipatna,93,6,29,,,
30/09/24,A343,Bilaspur Telipara,152,6,31,,,
16/11/24,A363,Mauranipur,2,6,33,,,
29/07/24,A366,Lucknow Chowk,383,6,35,,,
25/11/24,A372,Vijayapura Karnataka,168,6,37,,,
22/01/25,A373,Srikakulam AP,90,6,39,,,
11/11/24,A375,Chikkamagaluru,137,6,41,,,
01/01/25,A379,Karur Tamil Nadu,211,6,43,,,
16/04/25,A380,Dhemaji Assam,115,6,45,,,
27/12/24,A388,Hatia Ranchi,116,6,47,,,
26/09/24,A391,Bagalkot Navanagar,3,6,49,,,
27/11/24,A396,"Nadapuram, Calicut",124,6,51,,,
18/12/24,A401,Masaurhi Patna,109,6,53,,,
28/12/24,A404,Vikas Nagar Dehu,124,7,2,,,
05/03/25,A406,Shreerampore,181,7,4,,,
28/10/24,A410,Moradabad Budhi,127,7,6,,,
27/08/24,A412,Paratwada Amaravati,24,7,8,,,
11/01/25,A413,Dumra Sitamarhi,134,7,10,,,
25/09/24,A419,Tiruppur Palladam,46,7,12,,,
19/12/24,A422,Seraikela Jharkhand,167,7,14,,,
16/11/24,A423,Tanuku Andhra,140,7,16,,,
22/02/25,A428,Narasaraopet,97,7,18,,,
05/03/25,A431,Gopalganj Bihar,248,7,20,,,
22/02/25,A435,Masab Tank,227,7,22,,,
31/01/25,A436,Khairthal Rajasthan,93,7,24,,,
24/12/24,A442,Abohar Punjab,81,7,26,,,
09/10/24,A444,Chennai,200,7,28,,,
28/09/24,A453,Howrah-2 West,261,7,30,,,
29/08/24,A454,Kanpur Naubasta,163,7,32,,,
10/10/24,A463,Sasaram Bihar,383,7,34,,,
18/11/24,A475,Kanuru Vijayawada,114,7,36,,,
15/04/25,A486,"Mapusa, Goa",256,7,38,,,
12/02/25,A487,Ravet Pune,115,7,40,,,
02/09/24,A490,Prayagraj Lukarganj,178,7,42,,,
08/04/25,A497,Ananthpur AP,59,7,44,,,
04/02/25,A498,Robertsganj UP,222,7,46,,,
25/12/24,A508,Proddatur AP,78,7,48,,,
28/12/24,A510,Bijnor UP,128,7,50,,,
10/03/25,A514,Nagarbhavi,97,7,52,,,
29/01/25,A524,Siruseri Chennai,104,7,54,,,
13/01/25,A528,Balurghat West,205,8,3,,,
31/12/24,A538,Pallavaram Chennai,140,8,5,,,
31/01/25,A544,Balrampur,134,8,7,,,
18/12/24,A549,Bollaram Telangana,129,8,9,,,
09/01/25,A550,Champua Odisha,72,8,11,,,
11/02/25,A555,Awantipura Pulwama,63,8,13,,,
30/01/25,A558,"Pattambi, Palakkad",229,8,15,,,
05/03/25,A561,Tagore Park WB,120,8,17,,,
17/01/25,A572,Model Town Delhi,170,8,19,Valid,TRUE,KN3817
10/03/25,A603,Howrah 3 WB,44,8,21,,,
21/01/25,A624,Chandannagar,90,8,23,,,
27/02/25,A634,Moran Dibrugarh,1,8,25,,,
05/04/25,A638,NAUGACHIA,188,8,27,,,
28/03/25,A641,Bishnupur West,284,8,29,,,
12/03/25,A642,Khetrajpur,69,8,31,,,
14/02/25,A643,"Dholka, Gujrat",32,8,33,,,
26/03/25,A671,Rasra UP,146,8,35,,,
30/04/25,A677,Chakardharpur,209,8,37,,,
15/05/25,A691,Orai Jalaun,126,8,39,,,
29/03/25,A694,Bhabua Bihar,340,8,41,,,
29/04/25,A700,Guruvayoor Thrissur,17,8,43,,,
17/05/25,A723,SIKAR RAJASTHAN,218,8,45,,,
23/04/25,A737,Ambawadi,72,8,47,,,
26/07/25,A738,Vijayapura 2,13,8,49,,,
07/05/23,T582,Gomti Nagar,88,8,51,,,
13/10/23,T835,Atchutapuram,66,8,53,,,
26/11/23,T897,Bihar Aurangabad,26,9,2,,,
11/12/23,T902,Bharaich Uttar,131,9,4,,,
31/12/24,T967,Bankura West,291,9,6,,,
26/03/25,T999,Chennai Chrompet,301,9,8,,,
11/11/25,A770,Shivpuri Madhya,13,9,10,,,
31/10/25,A783,Sagar MP,203,9,12,,,
13/09/25,A995,Chhindwara MP,308,9,14,,,
22/08/25,A614,Jajpur Odisha,148,9,16,,,
21/07/25,A759,Nayagarh,56,9,18,,,
10/10/25,A949,Sant Nagar,139,9,20,,,
25/09/25,A400,Nagaram Telangana,156,9,22,,,
31/10/25,A895,HAYATH NAGAR,46,9,24,,,
23/09/25,A654,Villiapally Vadakara,99,9,26,,,
17/10/25,A901,Chelannur Calicut,142,9,28,,,
12/11/25,A930,Kakkodi Parambil,34,9,30,,,
06/02/25,A696,Supermart Gurugram,580,9,32,,,
25/02/25,A717,Qutub Plaza,404,9,34,,,
04/02/21,T105,M3M Urbana,391,9,36,,,
13/04/21,T137,Palam Vihar,272,9,38,,,
09/07/22,TS62,COCO Warehouse,949,9,40,,,
31/10/25,A865,Chittorgarh City,97,9,42,,,
27/10/25,C014,Sector 11 Udaipur,102,9,44,,,
13/09/25,A185,KATARGAM Surat,69,9,46,,,
22/08/25,A778,Sargasan,268,9,48,,,
26/09/25,A979,Gondal Gujarat,72,9,50,,,
22/09/25,A945,PALAVA PHASE,144,9,52,,,
11/11/25,T519,Airoli Navi Mumbai,147,9,54,,,
16/12/23,A012,Delhi Rohini Sector-3,3,10,3,Valid,TRUE,Vishal Home
27/08/24,A287,Purnia Gulabbag,149,10,5,,,
11/07/24,A288,Kishanganj Bihar,469,10,7,,,
05/07/24,A324,Patna Shastri,199,10,9,,,
31/07/24,A352,Muzaffarpur,252,10,11,,,
14/08/24,A360,Patna Bhootnath,255,10,13,,,
03/10/24,A458,Chandigarh 37C,333,10,15,,,
17/01/25,A534,FORBESGANJ,170,10,17,,,
21/06/25,A539,Kolathur Chennai,96,10,19,,,
31/12/24,A606,Jhanjharpur,295,10,21,,,
01/03/25,A668,Uttam Nagar,154,10,23,,,
29/04/25,A693,Tuticorin,92,10,25,,,
17/05/25,A817,Kirti Nagar,100,10,28,,,
20/08/25,B025,Karvenagar Pune,370,10,30,,,
15/09/25,B032,Shastri Nagar,119,10,32,,,
28/09/21,T120,Kasturba Nagar,336,10,34,,,
24/05/21,T125,Tumbledry Patiala,377,10,36,,,
07/12/21,T162,Tumbledry,153,10,38,,,
08/12/21,T185,Tumbledry Zirakpur,237,10,40,,,
29/12/21,T189,Tumble Dry Vaishali,126,10,42,,,
01/01/22,T191,Bejai Mangalore,279,10,44,,,
24/01/22,T208,Patna Gola Road,286,10,46,,,
16/04/22,T220,Rampur Uttar,269,10,48,,,
13/07/22,T229,Chingmeirong,242,10,50,,,
01/06/22,T241,Suncity Hyderabad,143,10,52,,,
16/05/22,T247,Wadala E Mumbai,445,10,54,,,
29/05/22,T257,Andheri West,272,11,3,,,
25/06/22,T258,RR Nagar Bengaluru,135,11,5,,,
27/06/22,T265,Sanpada Navi,222,11,7,,,
25/06/22,T277,Labbipet Vijayawada,168,11,9,,,
11/06/22,T290,C Scheme Jaipur,135,11,11,,,
19/01/23,T323,Hinga TPoint Nagpur,264,11,13,,,
26/09/22,T327,Sitapur,207,11,15,,,
30/09/22,T333,Civil Lines Bareilly,113,11,17,,,
29/09/22,T341,Vidya Nagar,172,11,19,,,
15/10/22,T350,Suncity Rohtak,149,11,21,,,
14/08/22,T352,Bani Park Jaipur,251,11,23,,,
19/09/22,T364,Dombivali Thane,118,11,25,,,
12/09/22,T382,Krishnagiri Hosur,134,11,27,,,
26/11/22,T385,Dugri Phase II,265,11,29,,,
31/08/22,T403,Vile Parle West,100,11,31,,,
20/10/22,T405,Kharar Punjab,247,11,33,,,
27/12/22,T422,Nagole Hyderabad,38,11,35,,,
25/11/22,T428,Thoripakkam,57,11,37,,,
09/10/22,T433,Rajendra Nagar,344,11,39,,,
17/04/23,T442,Alwarpet Chennai,65,11,41,,,
19/01/23,T457,Hebbal Mysore,319,11,43,,,
29/12/22,T479,Sakchi Jamshedpur,161,11,45,,,
28/12/22,T493,Rohit Nagar Bhopal,153,11,47,,,
30/12/22,T497,Hazaribagh,211,11,49,,,
27/03/23,T513,Devi Nagar Ballari,181,11,51,,,
06/03/23,T517,Sardarpura Jodhpur,382,11,53,,,
24/01/23,T518,Namchi Sikkim,180,12,2,,,
16/06/23,T521,Chinhat Lucknow,160,12,4,,,
13/02/23,T526,Saravanampatti,157,12,6,,,
15/02/23,T529,Kadavanthra Kerala,81,12,8,,,
28/03/23,T542,Model Colony,328,12,10,,,
25/01/23,T546,Durgapur West,157,12,12,,,
26/02/23,T555,Peelamedu,186,12,14,,,
25/10/23,T583,Bangalore Kengeri,113,12,16,,,
31/05/23,T584,Uttarahalli Bangalore,107,12,18,,,
26/02/23,T598,Mithapur Patna,204,12,20,,,
05/04/23,T607,Karve Nagar Pune,85,12,22,,,
30/04/23,T617,Dhantoli Nagpur,113,12,24,,,
27/03/23,T620,Dadabari Kota,234,12,26,,,
24/03/23,T626,Chaibasa Jharkhand,278,12,28,,,
12/06/23,T667,Bokaro Jharkhand,251,12,30,,,
14/07/23,T681,Hinjewadi Phase,214,12,32,,,
17/05/23,T690,Ulwe Panvel,313,12,34,,,
20/07/23,T695,Electronic City,298,12,36,,,
11/06/23,T702,Patna City,310,12,38,,,
04/09/23,T711,Pune Bhosaroi,181,12,40,,,
26/06/23,T741,Attapur Hyderabad,131,12,42,,,
12/07/23,T749,CBD Belapur Navi,200,12,44,,,
13/07/23,T750,Vile Parle East,276,12,46,,,
20/06/23,T756,Jaunpur,242,12,48,,,
25/07/23,T775,Jamui Bihar,376,12,50,,,
29/06/23,T787,Gorakhnath,256,12,52,,,
12/10/23,T793,Thrissur Mannuthy,287,12,54,,,
23/09/23,T796,Gorakhpur AIIMS,282,13,3,,,
18/08/23,T798,Madanapalle Andhra,116,13,5,,,
10/11/23,T810,Trivandrum Lulu,259,13,7,,,
29/11/23,T818,Mumbai Bhayandar,187,13,9,,,
29/09/23,T823,Bangalore,322,13,11,,,
20/11/23,T856,Goa Panjim,432,13,13,,,
28/12/23,T862,Trivandrum,261,13,15,,,
21/08/23,T863,Vadodara Alkapuri,204,13,17,,,
28/09/23,T872,Himachal Pradesh,216,13,19,,,
28/11/23,T873,Kochi Elamakkara,364,13,21,,,
05/10/23,T879,Palakkad Chandra,223,13,23,,,
21/11/23,T883,Trivandrum,218,13,25,,,
29/09/23,T884,Hyderabad,85,13,27,,,
30/11/23,T885,Mumbai Thane,297,13,30,,,
30/09/23,T890,Coimbatore,280,13,32,,,
31/10/23,T900,Chennai Palavakkam,59,13,34,,,
20/10/23,T912,Secunderabad,295,13,36,,,
31/10/23,T915,Coimbatore,212,13,38,,,
30/10/23,T920,Salem,199,13,40,,,
13/12/23,T943,Hamirpur New,506,13,42,,,
27/12/23,T950,Madurai Anna,114,13,44,,,
11/12/23,T979,Goa Colva,277,13,46,,,
04/07/20,TS46,Tumbledry Bhopal,138,13,48,,,
08/11/20,TS79,Tumbledry Pen,447,13,50,,,
04/10/25,A728,Thiruvalla Kerala,122,13,52,,,
07/10/25,A790,Chalad Kannur,68,13,54,,,
19/12/23,A000,Namakkal Salem,29,14,3,,,
06/01/24,A016,Bangalore,358,14,5,,,
30/03/24,A028,Mangalore Attavara,164,14,7,,,
12/06/24,A039,Madurai ByPass,114,14,9,,,
20/01/24,A049,Ichalkaranji,132,14,11,,,
29/02/24,A071,Bangalore,97,14,13,,,
30/03/24,A074,Bangalore Arekere,237,14,15,,,
03/05/24,A084,Chennai Ambattur,123,14,17,,,
31/07/24,A103,Ahmedabad,206,14,19,,,
05/04/24,A123,Tamil Nadu,188,14,21,,,
19/07/24,A140,Bangalore,97,14,23,,,
16/09/24,A152,Raipur Ama Seoni,132,14,26,,,
25/07/24,A167,Bangalore Frazer,186,14,28,,,
31/05/24,A173,Pudukkottai,158,14,30,,,
14/06/24,A178,Chennai Porur,166,14,32,,,
24/07/24,A199,Dharmapuri Tamil,123,14,34,,,
28/05/24,A208,Marthandam,184,14,36,,,
15/07/24,A219,Mangalore,274,14,38,,,
15/11/24,A224,Mumbai Mazgaon,202,14,40,,,
24/07/24,A238,Wardha Gandhi,182,14,42,,,
20/07/24,A252,Mumbai Matunga,147,14,44,,,
04/07/24,A257,Ahmedabad,150,14,46,,,
21/09/24,A276,Delhi Vikaspuri,128,14,48,Valid,TRUE,Vishal Home
27/08/24,A280,Bangalore Vasanth,276,14,50,,,
30/08/24,A281,Bhiwadi Rajasthan,118,14,52,,,
09/07/25,A285,Chennai Avadi,97,14,54,,,
30/11/24,A289,Budharaja,153,15,3,,,
31/07/24,A290,Raigarh Jagatpur,149,15,5,,,
16/07/24,A296,Chennai Pallikaranai,185,15,7,,,
23/08/24,A303,Phagwara Punjab,278,15,9,,,
31/10/24,A319,Mumbai Uran,320,15,11,,,
15/11/24,A321,Kusgaon Budruk,255,15,13,,,
31/08/24,A322,Barnala Punjab,211,15,15,,,
09/12/24,A323,Thanjavur Tamil,175,15,17,,,
24/08/24,A326,Ernakulam Aluva,133,15,19,,,
21/09/24,A329,Bhatinda Punjab,129,15,21,,,
23/07/24,A330,Raipur Devpuri,170,15,23,,,
29/06/24,A333,Mumbai Dadar,91,15,25,,,
30/09/24,A336,Chennai,123,15,27,,,
04/09/24,A338,Khanna Punjab,84,15,29,,,
14/10/24,A339,Mumbai Kurla,288,15,31,,,
17/09/24,A346,Chikkaballapura,131,15,33,,,
30/09/24,A351,Nawanshahr,398,15,35,,,
24/09/24,A354,Pune Bhugaon,170,15,37,,,
29/08/24,A370,Bangalore Hoskote,173,15,39,,,
16/08/24,A378,Banur Punjab,105,15,41,,,
30/07/25,A381,Mumbai Malad,132,15,43,,,
23/09/24,A385,Anand Gujarat,263,15,45,,,
10/08/24,A386,Barmer Rajasthan,650,15,47,,,
23/10/24,A432,Malegaon Nashik,263,15,49,,,
09/12/24,A438,Kandivali East,227,15,51,,,
27/09/24,A460,Ludhiana Sec,252,15,53,,,
21/10/24,A467,Kharsia Chhattisgarh,124,16,2,,,
16/12/24,A477,Malviya Nagar,30,16,4,,,
15/11/24,A485,Mohali Sector,172,16,6,,,
30/12/24,A493,Chidambaram,381,16,8,,,
28/12/24,A496,Moga Punjab,59,16,10,,,
08/05/25,A505,Shegaon,112,16,12,,,
27/11/24,A529,Jogeshwari East,157,16,14,,,
22/11/24,A533,Nigdi Pune,402,16,16,,,
26/11/24,A535,SHRI MUKTSAR,129,16,18,,,
20/08/25,A547,KK Nagar Trichy,41,16,20,,,
28/02/25,A553,Gumtala Amritsar,118,16,22,,,
23/04/25,A560,Srirangam Trichy,84,16,24,,,
26/12/24,A566,Chikahali Pune,181,16,26,,,
03/02/25,A575,Kammasandra,131,16,28,,,
30/04/25,A597,Dommasandra,121,16,30,,,
15/02/25,A604,Baltora Rajasthan,165,16,32,,,
25/07/25,A618,Nabarangpur Odisha,210,16,34,,,
22/03/25,A628,Nashik Road Nashik,162,16,36,,,
18/02/25,A630,Ganj Para Balod,170,16,38,,,
28/02/25,A646,Amrutdham Nashik,82,16,40,,,
12/06/25,A672,Krishnagiri Tamil,30,16,42,,,
24/05/25,A676,Hassan 1 Karnataka,359,16,44,,,
29/04/25,A690,Nungambakkam,269,16,46,,,
22/02/25,A699,Sultanwind Road,191,16,49,,,
05/06/25,A724,Pirangut Pune,120,16,51,,,
11/08/25,A772,Mahanadi Vihar,108,16,53,,,
12/09/25,A773,Chalakudy Thrissur,100,17,2,,,
11/07/25,A776,Kelambakkam,169,17,4,,,
05/09/25,A779,Pollachi Tamil,72,17,6,,,
18/08/25,A785,Salepur Cuttack,116,17,8,,,
29/07/25,A801,Tuni AP,87,17,10,,,
07/08/25,A820,Amravati 1,210,17,12,,,
29/08/25,A842,ERODE SOLAR,99,17,14,,,
20/08/25,A843,Nelamangala,146,17,16,,,
18/08/25,A855,Iyerbungalow,132,17,18,,,
29/08/25,A863,Hindupuram AP,126,17,20,,,
21/07/25,A871,Ooty Tamil Nadu,17,17,22,,,
16/07/25,A872,Chiplun,364,17,24,,,
30/07/25,A874,Hingoli,182,17,26,,,
25/08/25,A912,Nandyal AP,115,17,28,,,
27/08/25,A924,Jalna Maharashtra,236,17,30,,,
14/12/24,B014,Wardha Maharashtra,124,17,32,,,
31/08/25,T103,Tumbledry Pimple,319,17,34,,,
07/08/22,T283,Marathahalli,215,17,36,,,
31/07/22,T285,Mahadevapura,259,17,38,,,
14/08/24,T318,Pedder Road,95,17,40,,,
17/11/22,T443,Moosapet,180,17,42,,,
30/11/22,T448,Domlur Bangalore,217,17,44,,,
31/03/23,T554,Sarjapur Bangalore,173,17,46,,,
29/03/23,T569,Trichy Tamil Nadu,285,17,48,,,
08/04/23,T625,Siripuram,193,17,50,,,
21/06/23,T732,Karkhana Hyderabad,138,17,52,,,
06/09/24,T946,Shimoga,114,17,54,,,
24/11/23,T953,Hyderabad Malkajgiri,203,18,3,,,
26/09/25,A747,Suratkal Mangalore,164,18,5,,,
18/01/24,A006,Mumbai SantaCruz,354,18,7,,,
27/05/24,A011,Pune New Sangvi,131,18,9,,,
19/02/24,A020,Bangalore Bellandur,272,18,11,,,
02/01/24,A023,Medinipur WB,184,18,13,,,
07/05/24,A029,Pune Loni Kalbhor,163,18,15,,,
07/02/24,A030,Agra Khandari,278,18,17,,,
11/04/24,A034,Bangalore BTM,124,18,19,,,
13/12/23,A035,Jamshedpur Baridih,296,18,21,,,
09/02/24,A047,Farrukhabad UP,208,18,23,,,
24/06/24,A060,Navi Mumbai,162,18,25,,,
16/06/24,A062,Janipur Jammu,67,18,27,,,
22/02/24,A094,Bihar Supaul,348,18,29,,,
28/06/24,A101,Kolhapur Tarabai,226,18,31,,,
02/02/24,A110,Pithoragarh UK,248,18,33,,,
17/02/24,A111,Pune Mukund,141,18,35,,,
27/02/24,A121,Ahmedabad Nikol,182,18,37,,,
23/02/24,A134,Surat Gauravpath,172,18,39,,,
08/06/24,A141,Chhatarpur MP,261,18,41,,,
11/06/24,A143,Nagpur Jaripatka,50,18,43,,,
29/06/24,A168,Ahmedabad,179,18,45,,,
26/06/24,A188,Bhavnagar Kaliyabid,214,18,47,,,
28/03/24,A192,Sri Ganganagar,204,18,49,,,
31/05/24,A200,Bharuch Zadeshwar,86,18,51,,,
01/06/24,A223,Ahmedabad,255,18,53,,,
18/10/24,A256,Jammu Old city,97,19,2,,,
30/06/24,A270,Madhepura Bihar,24,19,4,,,
16/04/25,A356,Jollang,47,19,6,,,
22/01/25,A414,Rajbagh Srinagar,174,19,8,,,
15/04/25,A518,"Phase 4, Mohali",107,19,10,,,
26/11/24,A527,Chetakpuri Gwalior,229,19,12,,,
16/01/25,A563,Chetla WB,143,19,14,,,
19/04/25,A621,Kosi Kalan,83,19,16,,,
28/04/25,A636,Baddi Himachal,74,19,18,,,
28/04/25,A648,Akhnoor JK,15,19,20,,,
22/05/25,A657,Panki Dham Kanpur,285,19,22,,,
31/05/25,A661,Zingabai Takli,133,19,24,,,
03/05/25,A662,Selakui UK,89,19,26,,,
26/04/25,A664,GTB Nagar,240,19,28,,,
12/04/25,A670,Tura West Garo,285,19,30,,,
12/07/25,A673,Kalimpong WB,120,19,32,,,
01/07/25,A701,Kolar Karnataka,96,19,34,,,
25/04/25,A712,Mhow MP,70,19,36,,,
13/06/25,A730,Sheikpura Bihar,249,19,38,,,
22/04/25,A740,Ferozepur Punjab,222,19,40,,,
24/06/25,A742,Karan Nagar Srinagar,47,19,42,,,
05/06/25,A743,OMICRON Greater,203,19,44,,,
07/07/25,A752,Coonoor Tamilnadu,70,19,46,,,
18/06/25,A798,Ramnagar,46,19,48,,,
26/01/22,T182,RG Baruah Road,201,19,50,,,
28/02/23,T516,VIP Road Guwahati,406,19,52,,,
28/02/23,T539,Barshapara Guwahati,113,19,54,,,
18/04/23,T609,Kumarpara Guwahati,134,20,3,,,
11/03/24,T618,Silvassa Dadra,139,20,5,,,
18/04/23,T639,Maligaon Guwahati,375,20,7,,,
27/04/23,T642,Bhavanipuram,107,20,9,,,
05/08/23,T649,Motihari Bihar,141,20,11,,,
29/04/23,T682,Kahilipara Guwahati,236,20,13,,,
10/11/23,T693,Hyderabad Kollur,502,20,15,,,
12/08/23,T716,Pune Wadachi,103,20,17,,,
25/09/23,T723,New Chandigarh,189,20,19,,,
31/07/23,T746,Khamgaon,68,20,21,,,
22/01/24,T754,Siwan Bihar,342,20,23,,,
29/03/24,T773,Karad Maharashtra,197,20,25,,,
16/03/24,T781,Thane Kalyan,170,20,27,,,
24/08/23,T782,Patna Jaganpura,135,20,29,,,
22/01/24,T797,Bangalore Kadugodi,143,20,31,,,
29/11/23,T808,Arunachal Pradesh,114,20,33,,,
24/01/24,T811,Bangalore Hope,224,20,35,,,
16/10/23,T819,Bihar Buxar,310,20,37,,,
18/10/23,T828,Mumbai Borivali,130,20,39,,,
30/08/23,T829,Guwahati Hatigaon,242,20,41,,,
22/09/23,T830,Ghazipur UP,156,20,43,,,
16/09/23,T831,Fatehpur UP,220,20,45,,,
25/12/23,T857,Araria Bihar,282,20,47,,,
28/09/23,T860,Ghaziabad Vaishali,140,20,49,,,
21/10/23,T861,Ghaziabad Crossing,150,20,51,,,
29/02/24,T866,Mumbai Virar,120,20,53,,,
14/10/23,T870,Dimapur 4th Mile,118,21,2,,,
07/02/24,T888,Ernakulam Thevara,282,21,4,,,
10/05/24,T889,Ganjam Gajpatinagar,144,21,6,,,
23/11/23,T910,Ranchi Pundag,230,21,8,,,
30/01/24,T913,Purnia Bhatta,118,21,10,,,
20/12/23,T917,Seppa East Kameng,62,21,12,,,
29/02/24,T919,Bangalore,99,21,14,,,
16/04/24,T922,Raipur DDU Nagar,251,21,16,,,
03/02/24,T930,Nagpur Wardhaman,297,21,18,,,
20/03/24,T934,Jamshedpur,186,21,20,,,
31/01/24,T942,Bihar Samastipur,158,21,22,,,
30/01/24,T948,Raniganj Paschim,205,21,24,,,
29/11/23,T949,Nadia Kalyani,212,21,26,,,
28/02/24,T954,Trivandram,267,21,28,,,
25/01/24,T955,Guwahati Ulubari,217,21,30,,,
27/02/24,T956,Nawada Bihar,158,21,32,,,
25/12/23,T960,odisha Kendrapara,113,21,34,,,
16/12/23,T961,Bangalore Budigere,149,21,36,,,
08/07/24,T965,Kolkata Salt Lake,164,21,38,,,
09/05/24,T971,Mumbai Sion,126,21,40,,,
31/10/23,T973,Guwahati Narangi,199,21,42,,,
17/01/24,T976,Rohtas Dehri-on-sone,252,21,44,,,
08/01/24,T984,Chennai Triplicane,394,21,46,,,
17/02/24,T985,Ranchi Main Road,213,21,48,,,
18/12/23,T988,Calicut Puthiyara,117,21,50,,,
18/12/23,T989,Vishakhapatnam,172,21,52,,,
29/12/23,T990,Bareilly Model,233,21,54,,,
31/10/23,T991,Ghaziabad,166,22,3,,,
30/09/25,A961,Chittoor AP,189,22,5,,,
04/08/25,A440,Shantipur,105,22,7,,,
04/06/25,A541,Satna MP,145,22,9,,,
19/07/25,A599,Ankleshwar Gujarat,94,22,11,,,
29/05/25,A647,Scheme 140 Indore,140,22,13,,,
05/08/25,A665,Sonipat Haryana,230,22,15,,,
08/05/25,A689,New Malda,159,22,17,,,
07/08/25,A704,VIDHAYA DHAR,152,22,19,,,
20/06/25,A716,Integral University,43,22,21,,,
26/04/25,A721,Chikalthana,150,22,23,,,
17/08/25,A722,UNA Himachal,243,22,25,,,
10/06/25,A733,Tikamgarh MP,145,22,27,,,
26/06/25,A736,Radhanpur Road,195,22,29,,,
23/05/25,A739,Taloja Navi Mumbai,157,22,31,,,
22/07/25,A748,Chatra Jharkhand,103,22,33,,,
19/07/25,A749,Sec 88 Faridabad,91,22,35,,,
12/08/25,A750,Bali Belur,171,22,37,,,
18/08/25,A751,Birati Belghoria,103,22,39,,,
30/07/25,A754,Ecotech,107,22,41,,,
02/07/25,A755,Pehowa Haryana,157,22,43,,,
15/05/25,A757,Nadiad Gujarat,137,22,45,,,
08/07/25,A758,Bardoli Gujarat,111,22,47,,,
02/07/25,A760,Deoband UP,42,22,49,,,
21/07/25,A769,Babina Jhansi,49,22,51,,,
08/07/25,A788,Dadri,200,22,53,,,
26/06/25,A792,NRI CITY KANPUR,122,23,2,,,
07/07/25,A794,Sahabaad Haryana,179,23,4,,,
23/07/25,A806,Fort and Churchgate,188,23,6,,,
04/08/25,A807,Anantwadi,136,23,8,,,
22/07/25,A813,Raiganj WB,127,23,10,,,
15/07/25,A815,Numaish Ground,155,23,12,,,
28/07/25,A818,Shela Ahmedabad,156,23,14,,,
12/07/25,A824,Ambajogai,312,23,16,,,
10/07/25,A828,Shiv Vihar Loni,49,23,18,,,
17/07/25,A830,DD Nagar,169,23,20,,,
11/08/25,A834,Etawah Friends,175,23,22,,,
17/07/25,A836,Dilshad Garden,81,23,24,,,
22/08/25,A840,Barabanki UP,170,23,26,,,
14/08/25,A846,BHUJ KACHCHH,225,23,28,,,
06/08/25,A848,Bhandara,199,23,30,,,
25/06/25,A849,Sirol Gwalior MP,183,23,32,,,
22/07/25,A859,SAMBHAL UP,215,23,34,,,
23/07/25,A879,Amritsar,98,23,36,,,
23/08/25,A880,Bazpur,169,23,38,,,
15/07/25,A883,Jhajjar Haryana,114,23,40,,,
16/08/25,A888,Narmadpuram,148,23,42,,,
11/08/25,A906,Murad Nagar,174,23,44,,,
03/09/25,A909,Dewas Naka,142,23,46,,,
29/08/25,A911,Palwal Haryana,56,23,48,,,
18/08/25,A921,Sultanpur UP,439,23,50,,,
11/09/25,A950,Sanik Nagar Agra,86,23,52,,,
12/09/25,A964,Gohana Sonipat,30,23,54,,,
20/08/21,T133,Tumbledry Bapu,198,24,3,,,
11/02/23,T550,Raebareli,432,24,5,,,
26/05/23,T591,Shastri Puram,226,24,7,,,
15/07/20,TS37,Tumbledry Meerut,154,24,9,,,
26/08/25,A184,Puri Odisha,92,24,11,,,
14/10/25,A931,Baripada Odisha,171,24,13,,,
26/01/20,TS35,tumbledry Kharghar,353,24,15,,,
02/12/20,TS78,Tumbledry,327,24,17,,,
11/09/25,A502,Jharsuguda Odisha,145,24,19,,,
12/08/25,A713,Buxi Bazzar Cuttack,173,24,21,,,
30/08/25,A768,Rajgir Bihar,229,24,23,,,
12/11/25,A985,Lohar Daga,12,24,25,,,
12/10/25,A942,Alipurduar WB,216,24,27,,,
31/05/24,A010,Haflong Assam,31,24,29,,,
17/05/24,A027,Tirupati Mangalam,39,24,31,,,
17/02/24,A045,Hyderabad,209,24,33,,,
07/06/24,A083,Lucknow Alambagh,93,24,35,,,
12/04/24,A104,Kannur South,176,24,37,,,
30/05/24,A109,Kumbakonam,53,24,39,,,
20/04/24,A119,Shahjahanpur,153,24,41,,,
29/06/24,A144,Dindigul Tamilnadu,56,24,43,,,
30/10/24,A176,Hyderabad Medchal,142,24,45,,,
30/04/24,A193,Bangalore Attibele,82,24,47,,,
19/06/24,A207,Iyyappanthangal,113,24,49,,,
11/07/24,A214,Bangalore Jigani,142,24,51,,,
14/06/24,A226,Telangana Pocharam,287,24,53,,,
25/09/24,A230,Nagercoil Tamil,91,25,2,,,
24/08/24,A235,Golaghat Assam,160,25,4,,,
09/05/24,A247,Adilabad Telangana,90,25,6,,,
06/09/24,A274,Auraiya UP,63,25,8,,,
26/06/24,A278,Meerut Ganganagar,147,25,10,,,
23/07/24,A283,Calicut Pavangad,115,25,12,,,
08/07/24,A302,Mysore Kuvempu,351,25,14,,,
18/09/24,A311,Chennai Mahindra,200,25,16,,,
31/08/24,A315,Madhubani Bihar,129,25,18,,,
11/03/25,A332,Udupi Manipal,220,25,20,,,
30/07/24,A345,Puttaparthy Sathya,108,25,22,,,
30/10/24,A349,Alwar Sector 7,100,25,24,,,
27/03/25,A350,Ambala Cantt,140,25,26,,,
24/02/25,A357,Haibowal Ludhiana,199,25,28,,,
11/02/25,A359,Kottakkal,188,25,30,,,
09/11/24,A362,Thane Ambernath,110,25,32,,,
22/07/24,A364,Model Town Old,231,25,34,,,
20/12/24,A374,Chinchwad Pune,22,25,36,,,
26/09/24,A382,Chandrapur 1,158,25,38,,,
10/01/25,A383,K Mallasandra,30,25,40,,,
30/11/24,A416,Durg Chhatisgarh,247,25,42,,,
22/10/24,A418,Guntur AP,288,25,44,,,
09/12/24,A421,Friends Colony,272,25,46,,,
21/03/25,A424,Ullal Bangalore,62,25,48,,,
20/09/24,A430,Kaithal Haryana,340,25,50,,,
30/11/24,A441,Lake Pichola Udaipur,350,25,52,,,
23/11/24,A443,Katwa West Bengal,111,25,54,,,
11/11/24,A462,Chennai East,262,26,3,,,
24/04/25,A464,Bogadhi Mysore,221,26,5,,,
30/10/24,A466,Ongole AP,90,26,7,,,
30/11/24,A469,Kannauj UP,208,26,9,,,
18/12/24,A478,Payyanangadi,178,26,11,,,
27/12/24,A481,Adibatla Telangana,54,26,13,,,
20/11/24,A492,Chandigarh sector,17,26,15,,,
09/01/25,A503,Modinagar,221,26,17,,,
24/01/25,A511,Thiruvananthapuram,155,26,19,,,
22/11/24,A516,JNV Bikaner,540,26,21,,,
14/07/25,A530,Channarayapatna,135,26,23,,,
30/03/25,A551,Diphu Assam,293,26,25,,,
08/01/25,A554,GNDU AMRITSAR,313,26,27,,,
26/05/25,A564,Devanahalli,248,26,29,,,
23/12/24,A565,Alleppey Town,127,26,31,,,
29/12/24,A571,Shivalik Nagar,298,26,33,,,
30/03/25,A577,Sadar Nagpur,171,26,35,,,
31/01/25,A578,Somalwada Nagpur,179,26,37,,,
14/02/25,A579,Sector 30,50,26,39,,,
30/11/24,A584,Chuanbhatti Mumbai,196,26,41,,,
16/12/24,A588,Gandhidham Gujrat,299,26,43,,,
19/12/24,A592,Jalandhar Adarsh,173,26,45,,,
21/12/24,A593,Malviye Nagar,296,26,47,,,
10/05/25,A595,Attingal,130,26,49,,,
30/03/25,A600,Perinthalmann,266,26,51,,,
27/02/25,A615,Koyambedu Chennai,216,26,53,,,
30/03/25,A620,Tathawade Pune,104,27,2,,,
18/04/25,A626,Pirayiri Palakkad,80,27,4,,,
14/04/25,A631,Zaheerabad,151,27,6,,,
03/05/25,A632,West Tambaram,250,27,8,,,
08/02/25,A637,Gumanpura Kota,212,27,10,,,
13/02/25,A645,Rajnandgaon,158,27,12,,,
30/05/25,A652,Sundergarh Orisha,218,27,14,,,
29/04/25,A658,Asansol WB,232,27,16,,,
04/05/25,A663,Saraipali,176,27,18,,,
17/05/25,A674,Najafgarh Delhi,240,27,20,Valid,TRUE,UN3668
12/03/25,A678,Anjar Kachchh,161,27,22,,,
17/04/25,A679,Vishal Nagar Pune,136,27,24,,,
26/03/25,A681,Serene Meadows,94,27,26,,,
29/03/25,A684,Jind Haryana,139,27,28,,,
20/05/25,A703,Siddhartha Layout,185,27,30,,,
09/07/25,A705,Islampur,67,27,32,,,
07/05/25,A708,Devakottai,68,27,34,,,
18/07/25,A744,Boparai Amritsar,57,27,36,,,
18/06/25,A746,TENALI ANDHRA,138,27,38,,,
07/05/25,A756,Yavatmal,199,27,40,,,
20/05/25,A762,Pimpri Pune,132,27,42,,,
13/06/25,A780,SUJATHA NAGAR,76,27,44,,,
24/05/25,T152,Tumbledry Kompally,158,27,47,,,
31/12/24,T370,Kandivali West,155,27,49,,,
17/12/24,T501,Gangadham Pune,124,27,51,,,
11/04/25,T525,Bistupur,432,27,53,,,
22/03/25,T574,Vastrapur,239,28,2,,,
18/12/24,T605,Pashan Pune,299,28,4,,,
17/05/23,T677,Bodhgaya Bihar,271,28,6,,,
28/12/24,T788,Pune Punawale,219,28,8,,,
11/06/24,T836,Kottayam,77,28,10,,,
27/04/24,A001,Hooghly Hindmotor,167,28,12,,,
05/04/24,A059,Vishakapatnam,56,28,14,,,
12/04/24,A126,Fatehgarh Cantt,62,28,16,,,
15/06/24,A132,Mathura Tagore,184,28,18,,,
26/03/24,A136,Hyderabad Malakpet,81,28,20,,,
26/07/24,A157,Jahu Mandi,18,28,22,,,
20/08/24,A191,Trivendrum,45,28,24,,,
25/05/24,A198,Calicut Hi Lite,264,28,26,,,
25/05/24,A209,Kakinada AP,96,28,28,,,
22/10/24,A244,Ollur Thrissur,104,28,30,,,
17/09/24,A258,Gorakhpur Kauriram,257,28,32,,,
30/06/24,A272,Tarn Taran Punjab,224,28,34,,,
26/08/24,A277,Thrippunithura,264,28,36,,,
30/09/24,A284,Haldia Purba,110,28,38,,,
16/08/24,A293,Bihar Arrah,75,28,40,,,
23/08/24,A297,Kalamassery Kerala,225,28,42,,,
30/10/24,A300,Bhubaneshwar,212,28,44,,,
17/06/24,A304,Lucknow Aliganj,197,28,46,,,
24/07/24,A305,Surat Dumas,32,28,48,,,
31/08/24,A317,Mathura Township,81,28,50,,,
30/10/24,A328,Athani Kerala,235,28,52,,,
30/09/24,A367,Kolkata Newtown,251,28,54,,,
11/11/24,A368,Puducherry,214,29,3,,,
17/10/24,A369,Ahmedabad Vasna,117,29,5,,,
24/08/24,A376,Bageshwar,233,29,7,,,
31/03/25,A389,Barrackpore WB,124,29,9,,,
26/11/24,A395,Assandh Haryana,170,29,11,,,
23/09/24,A398,Gurgaon Sohna,294,29,13,,,
18/09/24,A405,Khammam,95,29,15,,,
30/10/24,A409,Ranchi,119,29,17,,,
22/01/25,A415,Gorakhpur Palam,190,29,19,,,
30/10/24,A425,Hapoli Arunachal,20,29,21,,,
22/10/24,A433,Lucknow Sarojni,219,29,23,,,
22/10/24,A439,Pune Chakan,52,29,25,,,
24/11/24,A465,Bhimavaram AP,173,29,27,,,
15/05/25,A480,Kaniyapuram Kerala,102,29,29,,,
18/03/25,A484,Panampilly Nagar,181,29,31,,,
30/07/24,A491,Mandi Sarkaghat,72,29,33,,,
13/01/25,A501,Namkum Ranchi,70,29,35,,,
21/01/25,A519,Arambagh WB,252,29,37,,,
30/01/25,A526,Tilak Nagar,111,29,39,,,
13/12/24,A531,Amalapuram Andhra,78,29,41,,,
25/11/24,A548,Bharatpur Rajasthan,179,29,43,,,
05/03/25,A556,Nizamabad,95,29,45,,,
29/01/25,A567,Salempur UP,72,29,47,,,
28/12/24,A573,Mughal Sarai UP,132,29,49,,,
11/04/25,A574,Chinsurah WB,140,29,51,,,
19/05/25,A608,Chhapra Bihar,86,29,53,,,
07/02/25,A622,Pathardi Road,100,30,2,,,
29/04/25,A660,Sangareddy,400,30,4,,,
03/06/25,A683,Gudia Pokhari,61,30,6,,,
08/03/25,A695,KAUSHAMBI,205,30,8,,,
22/05/25,A734,Paradip Odisha,46,30,10,,,
29/05/25,A735,Meenchanda Calicut,76,30,12,,,
08/05/24,T161,Karimnagar,129,30,14,,,
07/06/23,T687,Vellayil Road,193,30,16,,,
28/05/23,T694,Habsiguda,195,30,18,,,
11/01/24,T812,Gorakhpur Fertilizer,239,30,20,,,
20/06/24,T926,Thrissur Medical,162,30,22,,,
13/02/24,T928,Sangareddy,99,30,24,,,
31/10/25,A046,Secunderabad,168,30,26,,,
12/09/25,A844,Jagtial Telangana,61,30,28,,,
07/11/25,A878,Suchitra Hyderabad,29,30,30,,,
27/10/25,A829,Amroha,129,30,32,,,
12/10/25,A952,Majhola Uttarakhand,74,30,34,,,
25/05/24,A007,Surat Mota Varacha,80,30,36,,,
25/04/24,A024,Greater Noida,94,30,38,,,
27/01/24,A068,Kharagpur Paschim,284,30,40,,,
30/11/24,A070,City Area Surat,42,30,42,,,
15/04/24,A076,Old Panvel Mumbai,282,30,44,,,
20/04/24,A096,Mumbai Dahisar,299,30,46,,,
21/04/24,A100,Navi Mumbai,238,30,48,,,
08/04/24,A105,Aurangabad Jyoti,337,30,50,,,
29/04/24,A106,Haldwani Rampur,155,30,52,,,
04/07/24,A127,Kolkata Shyambazar,141,30,54,,,
10/04/24,A150,Greater Noida,203,31,3,,,
31/05/24,A172,Mumbai Khar,183,31,5,,,
18/04/24,A221,Panipat Model,242,31,7,,,
28/12/24,A259,TARDEO MUMBAI,136,31,9,,,
25/05/24,A265,Mumbai Santacruz,340,31,11,,,
31/08/24,A331,Khatima Uttrakhand,355,31,13,,,
13/06/24,A341,Meerut Football,149,31,15,,,
25/10/24,A361,Unnao UP,113,31,17,,,
27/08/24,A365,Ghaziabad Rajender,253,31,19,,,
31/08/24,A449,Faridabad Surajkund,276,31,21,,,
09/12/24,A559,Ballabgarh Haryana,203,31,23,,,
17/12/24,A590,"Bulandshahr, UP",166,31,25,,,
24/04/25,A596,Ratu Road Ranchi,52,31,27,,,
22/05/25,B021,Kothapet CC,63,31,29,,,
29/09/25,B030,Himayat Nagar,68,31,31,,,
16/04/21,T106,Mohali,183,31,33,,,
27/03/21,T119,Tumbledry,199,31,35,,,
15/06/21,T128,Tumbledry Mayur,153,31,37,,,
21/05/24,T135,Hyd Kothapet,181,31,39,,,
04/01/22,T201,Preet Vihar Delhi,191,31,41,Valid,FALSE,
12/02/22,T202,Dibrugarh Assam,224,31,43,,,
16/07/22,T212,DeoraliGangtok,158,31,45,,,
20/04/22,T217,Jayanagar Bangalore,147,31,47,,,
10/04/22,T227,Himayat Nagar,230,31,49,,,
07/05/22,T234,Hoshiarpur Punjab,314,31,51,,,
17/04/22,T245,Madipakkam,148,31,53,,,
11/06/22,T249,Darbhanga Bihar,104,32,2,,,
31/05/22,T252,DLW Varanasi,217,32,4,,,
30/08/22,T273,Nanapeth Pune,164,32,6,,,
30/07/22,T280,Kadapa,200,32,8,,,
31/08/22,T281,Kakknad,180,32,10,,,
31/01/25,T317,Lower Parel Mumbai,323,32,12,,,
28/09/22,T319,Kothnur Bangalore,165,32,14,,,
04/09/22,T335,Omaxe Ludhiana,32,32,16,,,
31/10/22,T349,Dumdum Kolkata,139,32,18,,,
03/09/22,T351,BTM Layout,233,32,20,,,
25/08/22,T375,Deoghar Jharkhand,198,32,22,,,
27/08/22,T387,Mayur Vihar Phase,126,32,24,,,
22/12/22,T407,Palasia Indore,268,32,26,,,
28/02/23,T426,Indiranagar,230,32,28,,,
30/11/22,T435,Exhibition Road,130,32,30,,,
16/01/23,T494,Aizawl Mizoram,253,32,32,,,
17/12/22,T507,Mangla Chowk,477,32,34,,,
29/05/23,T520,Badarghat Agartala,101,32,36,,,
30/04/23,T528,Mujmahuda,162,32,38,,,
11/02/23,T535,Mahavir Chowk,330,32,40,,,
06/01/23,T547,Bibewadi Pune,224,32,42,,,
21/03/23,T562,JKC College Road,176,32,44,,,
14/03/23,T579,Nongrim Hills,369,32,46,,,
21/02/23,T586,Model Town Rewari,180,32,48,,,
31/03/23,T587,Kanke Road Ranchi,60,32,50,,,
24/03/23,T596,Mithanpura,167,32,52,,,
28/03/23,T597,Varthur Bangalore,170,32,54,,,
14/06/23,T603,Rewa Madhya,318,33,3,,,
10/04/23,T624,Vesu Surat,145,33,5,,,
22/04/23,T631,Kilpauk Chennai,142,33,7,,,
15/04/23,T640,Navalur Chennai,184,33,9,,,
28/07/23,T641,Bangalore Kudlu,168,33,11,,,
22/04/23,T659,New CG Road,124,33,13,,,
20/04/23,T660,Kudasan Gandhi,441,33,15,,,
13/06/23,T670,KK Nagar,147,33,17,,,
11/05/23,T678,Rau Indore,256,33,19,,,
19/06/23,T685,Kashipur,256,33,21,,,
20/06/23,T686,Dumka Jharkhand,160,33,23,,,
20/05/23,T692,Shyam Nagar,260,33,25,,,
17/06/23,T697,Yendada,104,33,27,,,
09/05/23,T704,Candolim Goa,320,33,29,,,
19/06/23,T712,Thudiyalur,130,33,31,,,
30/07/23,T717,Ranchi Lalpur,146,33,33,,,
24/06/23,T718,Hojai Assam,188,33,35,,,
17/06/23,T719,Chandivali Mumbai,143,33,37,,,
14/08/23,T727,Nagpur Dharampeth,402,33,39,,,
20/08/23,T736,Chandigarh Sector,161,33,41,,,
11/11/23,T770,Kolkata Newtown,456,33,43,,,
31/08/23,T792,Shimla Himanchal,252,33,45,,,
31/07/23,T800,Bangalore,127,33,47,,,
11/11/23,T809,Odisha Bhadrak,265,33,49,,,
30/08/23,T820,Ahmednagar,566,33,51,,,
30/08/23,T821,Ahmednagar,272,33,53,,,
30/08/23,T822,Ahmednagar Savedi,328,34,2,,,
29/11/23,T824,Khammam,12,34,4,,,
11/08/23,T840,Pune Mhalunge,328,34,6,,,
31/08/23,T847,Mumbai Marol,246,34,8,,,
23/09/23,T850,Mumbai Mahim,281,34,10,,,
22/08/23,T851,Malad West 2,297,34,12,,,
13/10/23,T876,Mumbai Goregaon,321,34,14,,,
20/10/23,T893,Mumbai Borivali,221,34,16,,,
28/08/23,T894,Darbhanga,50,34,18,,,
20/12/23,T905,Palampur HP,242,34,20,,,
31/01/24,T916,Calicut Malaparamba,283,34,22,,,
11/11/23,T933,"Silvasa, Gujara",27,34,24,,,
04/01/24,T938,Mangalagiri,267,34,26,,,
07/11/23,T939,Surat Citylight,178,34,28,,,
19/04/24,T941,MP Khandwa,280,34,30,,,
10/03/24,T951,Girgaon Marine,147,34,32,,,
11/11/24,T974,Surat Adajan,102,34,34,,,
27/12/23,T981,Bangaore KR Puram,171,34,36,,,
30/10/23,T986,Ghaziabad Wave,292,34,38,,,
22/07/20,TS49,Tumbledry Gwalior,336,34,40,,,
24/02/25,TS73,Tumbledry Sec,359,34,42,,,
28/01/21,TS84,Tumbledry,219,34,44,,,
29/08/25,A718,CDA Cuttack,92,34,46,,,
31/10/25,A973,VIP Colony Raipur,91,34,48,,,
26/09/25,A935,PM PALEM VIZAG,117,34,50,,,
13/08/25,C010,Defence Colony,155,34,52,,,
03/01/22,T210,Chhatarpur Delhi,341,34,54,Valid,FALSE,
17/09/23,T992,Coco Warehouse,1195,35,3,,,
23/10/20,TS71,Hauz Khas Delhi,151,35,5,Valid,FALSE,
09/10/20,TS74,NFC Delhi,463,35,7,Valid,FALSE,
13/10/20,TS75,Greater Kailash,102,35,9,,,
27/10/20,TS81,Vasant Kunj Delhi,342,35,11,Valid,FALSE,
19/11/20,TS86,Saket Delhi,110,35,13,Valid,FALSE,
17/10/25,A861,Khalilabad UP,160,35,15,,,
31/03/25,T432,Ashiyana Lucknow,264,35,17,,,
26/09/25,A862,Phulbani Town,142,35,19,,,
29/09/25,A887,Kathitand Ranchi,173,35,21,,,
11/10/25,A927,Banka Bihar,242,35,23,,,
27/09/25,A771,Naraina Vihar,94,35,25,,,
30/10/25,A851,Behala,53,35,27,,,
07/09/25,A499,Badlapur,81,35,29,,,
31/08/25,A943,Colaba Maharashtra,48,35,31,,,
01/11/25,T672,Bandra East Mumbai,261,35,33,,,
28/10/25,A866,Modipuram Meerut,172,35,35,,,
03/11/25,A899,Mainpuri UP,98,35,37,,,
27/09/25,A997,Kankarkheda Meerut,155,35,39,,,
15/12/23,A107,Eldeco Studio,194,35,41,,,
02/11/24,A613,Rajouri Garden,84,35,43,,,
06/06/25,A892,Sector 133 COCO,219,35,45,,,
17/06/25,A913,15A Noida COCO,172,35,47,,,
06/10/21,T165,Rajouri Dark Store,252,35,49,,,
09/10/21,T166,Janakpuri Delhi,234,35,51,Valid,TRUE,UN3668
19/04/19,TS1,Sector 46 Noida,786,35,53,,,
09/12/21,TS27,Punjabi Bagh Delhi,229,36,2,Valid,TRUE,KN3817
10/02/21,TS32,Sec 50 Noida,414,36,4,,,
20/06/19,TS8,tumbledry,520,36,6,,,
29/11/20,TS87,Gejha Warehouse,545,36,9,,,
04/11/25,A986,Katol Maharashtra,91,36,11,,,
27/08/25,A837,Nanded 1,138,36,13,,,
03/11/25,A956,Dhule Maharashtra,27,36,15,,,
31/10/25,T429,Hinjewadi Phase,1,36,17,,,
13/10/25,A819,Dharapuram,75,36,19,,,
18/10/25,A992,Ambattur Chennai,63,36,21,,,
13/09/25,A625,Perundurai Tamil,104,36,23,,,
11/11/25,A926,Besant Nagar,24,36,25,,,
20/01/24,A015,Kullu Himachal,255,36,27,,,
24/01/24,A031,Palakkad Shoranur,289,36,29,,,
07/04/25,A036,Hyderabad Uppal,127,36,31,,,
26/02/24,A056,Manali Ranghri,101,36,33,,,
30/03/24,A063,Bangalore Hennur,183,36,35,,,
18/03/24,A064,Bangalore Electronic,202,36,37,,,
30/05/24,A075,Kolkata Sonarpur,169,36,39,,,
30/03/24,A087,Rajkot Bhaktinagar,52,36,41,,,
30/03/24,A088,Rajkot Amin Marg,463,36,43,,,
30/03/24,A089,Rajkot Vavdi,31,36,45,,,
30/03/24,A090,Rajkot Ranchhod,103,36,47,,,
30/03/24,A091,Rajkot Mota Mava,63,36,49,,,
30/03/24,A092,Rajkot Sadhu,76,36,51,,,
28/04/24,A122,Srinagar Hyderpora,220,36,53,,,
10/07/24,A128,Durgapur 2 Banachity,172,37,2,,,
28/03/24,A130,Pune Talegaon,22,37,4,,,
15/03/24,A145,Hapur,71,37,6,,,
16/05/24,A146,Ranaghat Nadia,353,37,8,,,
16/05/24,A153,Hyderabad,148,37,10,,,
23/03/24,A159,Dehradun Vikas,104,37,12,,,
21/03/24,A165,Mumbai New,181,37,14,,,
30/09/24,A204,Darjeeling Chowk,263,37,16,,,
15/05/24,A213,Dalhousie Himachal,84,37,18,,,
11/07/24,A232,Jalpaiguri West,195,37,20,,,
29/06/24,A233,Howrah Ananya,369,37,22,,,
31/03/25,A263,Bansilal Aurangabad,125,37,24,,,
17/05/25,A473,KARJAT,86,37,26,,,
23/12/24,A495,Nagpur Mihan,158,37,28,,,
22/10/24,A506,Bhimtal Uttrakhand,179,37,30,,,
14/07/25,A521,Bomdila,74,37,32,,,
13/05/25,A586,Jawahar Nagar,267,37,34,,,
11/03/25,A591,PILIBHIT UP,110,37,36,,,
11/03/25,A609,T Nagar Chennai,272,37,38,,,
03/02/25,A610,MVP Colony,131,37,40,,,
28/02/25,A611,Latur Maharashtra,229,37,42,,,
27/05/25,A629,Sapna Sangeeta,151,37,44,,,
27/02/25,A633,Govind Nagar,166,37,46,,,
08/04/25,A655,Malabar Hill Mumbai,94,37,48,,,
30/03/25,A680,Khopoli Maharashtra,115,37,50,,,
26/05/25,A692,Roha Maharashtra,102,37,52,,,
20/06/25,A782,Shamshabad,149,37,54,,,
23/06/22,T175,Sahakar Nagar,207,38,3,,,
13/08/22,T188,Mirzapur,292,38,5,,,
11/03/22,T199,Sector 14 Hisar,125,38,7,,,
31/08/22,T219,Bettiah Bihar,407,38,9,,,
10/06/22,T228,Sawarkar Nagar,91,38,11,,,
17/05/24,T237,Mansarovar Jaipur,196,38,13,,,
30/06/22,T248,Boro Bazar,204,38,15,,,
21/06/22,T256,Khurja Uttar Pradesh,279,38,17,,,
30/07/22,T268,VIP ROAD ITANAGAR,105,38,19,,,
11/07/22,T269,Haridwar Road,157,38,21,,,
11/07/22,T272,Rajajipuram Lucknow,173,38,23,,,
30/09/22,T279,Behala Kolkata,139,38,25,,,
19/07/22,T286,Naharlagun AP,152,38,27,,,
14/08/22,T294,Dera Bassi Punjab,153,38,29,,,
19/11/22,T305,Yelahanka 1,42,38,31,,,
30/11/22,T337,Matigara Siliguri,113,38,33,,,
28/12/22,T340,Panayapilly Fortkochi,40,38,35,,,
28/09/22,T343,North Lakhimpur,100,38,37,,,
30/08/22,T346,Nellore,56,38,39,,,
15/09/22,T354,Freeganj Ujjain,415,38,41,,,
30/09/22,T355,NIBM Pune,120,38,43,,,
29/09/22,T361,Kwakeithel Imphal,133,38,45,,,
28/02/23,T368,Sholinganallur,73,38,47,,,
09/10/22,T383,Rohtak Model,179,38,49,,,
25/11/22,T388,Mansarovar 2,55,38,51,,,
31/08/22,T389,Science City,64,38,53,,,
21/10/22,T399,Barewal Road,205,39,2,,,
20/11/22,T400,Banda,240,39,4,,,
30/01/23,T409,Ashok Marg Nashik,186,39,6,,,
28/12/22,T417,Kanjikuzhi Kottayam,34,39,8,,,
14/03/23,T434,Mallampet,31,39,10,,,
15/03/23,T470,R S Puram,93,39,12,,,
08/11/22,T489,Miyapur Hyderabad,183,39,14,,,
27/03/23,T500,Kenyapatty Nagaon,146,39,16,,,
28/01/23,T537,Tadepalli Andhra,34,39,18,,,
31/01/23,T561,Nabha,178,39,20,,,
27/04/23,T563,Bagalur Bangalore,63,39,22,,,
31/03/23,T590,TK Street Tirupati,206,39,24,,,
23/02/23,T592,Airport Road Indore,152,39,26,,,
17/04/23,T602,Birla Compund,99,39,28,,,
30/04/23,T614,Bhadohi,188,39,30,,,
21/05/23,T638,Udhampur Jammu,65,39,32,,,
29/05/23,T647,Habra West Bengal,233,39,34,,,
09/04/23,T648,Arvi Maharashtra,184,39,36,,,
30/04/23,T673,Kapesaya Begusarai,186,39,38,,,
21/07/23,T679,Vasai Mumbai,208,39,40,,,
03/06/23,T689,Phursungi Pune,217,39,42,,,
27/04/23,T705,Uttam Nagar Ujjain,84,39,44,,,
26/06/23,T724,Vijay Nagar Jabalpur,212,39,46,,,
28/08/23,T725,Assam Sonari,100,39,48,,,
18/08/23,T817,Vadodara Gotri,50,39,50,,,
31/08/23,T837,Bangalore,116,39,52,,,
30/09/23,T839,MP Singrauli,150,39,54,,,
29/03/24,T841,Kolkata Gopalpur,193,40,3,,,
17/04/24,T848,Coimbatore Sitra,320,40,5,,,
29/01/24,T891,Kannur Payyannur,178,40,7,,,
16/12/23,T901,Purulia,248,40,9,,,
28/10/23,T904,Noida Sector 25,187,40,11,,,
21/10/23,T908,Bangalore,168,40,13,,,
13/01/24,T924,Jamshedpur Telco,435,40,15,,,
02/12/23,T969,Mumbai Thane,53,40,17,,,
25/01/21,TS67,Tumbledry,175,40,19,,,
28/01/24,A054,Ghaziabad Siddharth,178,40,21,,,
07/02/24,A195,Kolkata Paikpara,2,40,23,,,
23/03/24,A202,Varanasi Chitaipur,169,40,25,,,
15/05/24,A264,Mumbai Deonar,496,40,27,,,
26/08/24,A347,Greater Noida,2,40,29,,,
15/10/24,A509,Yamunanagar,293,40,31,,,
30/12/24,A537,Shuklaganj Unnao,246,40,33,,,
28/11/24,A594,Kurukshetra Haryana,161,40,35,,,
07/07/25,A698,LALARPURA JAIPUR,147,40,37,,,
23/04/24,B001,Udaipur,86,40,39,,,
03/04/24,B002,Delhi Ashok Vihar,85,40,41,Valid,TRUE,KN3817
09/08/24,B010,Jaipur Jagatpura,140,40,43,,,
11/04/25,B016,Gaya Bihar CC,86,40,45,,,
11/04/25,B017,Manpur Gaya,41,40,47,,,
06/03/25,B018,CC Kalyanpur,88,40,49,,,
28/10/25,B033,Pragati Nagar,36,40,51,,,
01/04/21,T112,TumbleDry Prayagraj,433,40,53,,,
03/06/21,T126,Tumbledry Amritsar,211,41,2,,,
26/07/21,T130,Tumbledry Jubilee,325,41,4,,,
25/06/21,T139,Tumbledry,317,41,6,,,
24/07/21,T144,Tumbledry,181,41,8,,,
27/07/21,T148,Tumbledry Nanded,227,41,10,,,
10/09/21,T151,Tumbledry Faridabad,270,41,12,,,
08/09/21,T153,Tumbledry Srinagar,211,41,14,,,
23/09/21,T155,Shalimar Bagh,158,41,16,,,
10/11/21,T163,Tumbledry Shyam,280,41,18,,,
08/04/22,T169,Nizampet Hyderabad,304,41,20,,,
01/12/21,T172,Tumbledry,309,41,22,,,
25/11/21,T177,Tumbledry Almora,242,41,24,,,
24/02/22,T200,Paikpara Kolkata,180,41,26,,,
09/05/22,T206,Civil Lines Hardoi,311,41,28,,,
17/03/22,T209,Lanka Varanasi,313,41,30,,,
30/06/22,T213,Jhansi,383,41,32,,,
19/04/22,T225,Santoshpur Kolkata,94,41,34,,,
01/06/22,T230,Tollygunge Kolkata,208,41,36,,,
23/06/22,T231,Mate Square Nagpur,310,41,38,,,
29/03/22,T235,Sigra Varanasi,340,41,40,,,
30/06/22,T244,Salt lake 2 Kolkata,199,41,42,,,
09/05/22,T251,Pal Surat,191,41,44,,,
02/06/22,T260,Kumhrar Patna,465,41,46,,,
20/07/22,T270,Raza Bazar Patna,211,41,48,,,
15/09/22,T271,Boring Road Patna,487,41,50,,,
25/07/22,T276,Park Circus Kolkata,336,41,52,,,
07/08/22,T284,Sector 9 Karnal,630,41,54,,,
07/08/22,T289,Civil Lines Prayagraj,318,42,3,,,
22/08/22,T293,Hasthampatti,203,42,5,,,
26/08/22,T296,Kankurgachi Kolkata,65,42,7,,,
31/08/22,T299,Yelenahalli Bangalore,98,42,9,,,
03/08/22,T301,Jagatpura Jaipur,248,42,11,,,
10/09/22,T303,Kohima Nagaland,261,42,13,,,
10/08/22,T314,Rajeev Nagar,227,42,15,,,
31/08/22,T316,Swarn Jayanti,212,42,17,,,
02/08/22,T331,Sector 19 B Dwarka,181,42,19,,,
11/09/22,T339,Hyderabad Kokapet,260,42,21,,,
10/09/24,T344,Rajajinagar,211,42,23,,,
12/08/22,T347,Prince Anwar,285,42,25,,,
30/09/22,T357,Omega 1 Greater,270,42,27,,,
15/10/22,T358,Gonda,412,42,29,,,
18/10/22,T360,Narsingi Hyderabad,225,42,31,,,
03/09/22,T363,Gaya Bihar,277,42,33,,,
14/09/22,T390,Kalyanpur Kanpur,441,42,35,,,
31/10/22,T395,Annapurna Road,238,42,37,,,
12/10/22,T401,Mandi,252,42,39,,,
10/10/22,T437,Phulwari Patna,378,42,41,,,
22/02/23,T441,West Fort Thrissur,281,42,43,,,
04/02/23,T449,Vijayanagar,303,42,45,,,
12/12/22,T451,Narmada Road,298,42,47,,,
11/11/22,T453,Konankunte,142,42,49,,,
31/12/22,T462,Khandgiri,374,42,51,,,
16/01/23,T463,Jhusi Prayagraj,245,42,53,,,
18/12/22,T498,C V Raman Nagar,273,43,2,,,
05/01/23,T499,Kasavanahalli,384,43,4,,,
07/11/22,T504,GTB Nagar Jalandhar,230,43,6,,,
30/11/22,T505,Kormangala,157,43,8,,,
20/03/23,T531,Hulimavu Bangalore,223,43,10,,,
06/02/23,T532,DLF Valley Panchkula,248,43,12,,,
30/05/23,T534,Mylapore Chennai,208,43,14,,,
13/02/23,T558,Powai Mumbai,279,43,16,,,
05/03/23,T613,Vikhroli Mumbai,220,43,18,,,
30/05/23,T621,Fatehabad Road,719,43,20,,,
31/03/23,T632,Brahmpura,278,43,22,,,
31/03/23,T634,Sobhagpura Udaipur,194,43,24,,,
14/06/23,T645,Bandra West Mumbai,158,43,26,,,
12/05/23,T657,Swarn Nagari,290,43,28,,,
21/07/23,T662,Kanpur Gumti,5,43,30,,,
23/05/23,T683,Jaisalmer Rajasthan,338,43,32,,,
30/06/23,T701,Chinnakada Kollam,398,43,34,,,
03/05/23,T726,Orderly Bazaar,294,43,36,,,
19/05/23,T739,NIT Faridabad,34,43,38,,,
19/07/23,T757,Bangalore,312,43,40,,,
28/03/24,T762,Bangalore,49,43,42,,,
29/06/23,T772,Trikuta Nagar,248,43,44,,,
17/02/24,T776,Bangalore,144,43,46,,,
16/02/24,T777,Bangalore,95,43,48,,,
17/02/24,T778,Bangalore,182,43,50,,,
24/11/23,T935,Bangalore,159,43,52,,,
20/10/23,T957,Varanasi Paharia,148,43,54,,,
28/09/23,T994,Varanasi Lanka,154,44,3,,,
01/08/19,TS11,tumbledry Dwarka,136,44,5,,,
03/08/19,TS15,tumbledry Sec,357,44,7,,,
12/09/19,TS16,TMBL Gaur City,296,44,9,,,
28/08/19,TS3,tumbledry Faridabad,366,44,11,,,
11/01/20,TS30,tumbledry Faridabad,279,44,13,,,
28/06/20,TS34,Tumbledry,259,44,15,,,
22/08/19,TS4,tumbledry,332,44,17,,,
23/07/20,TS42,Tumbledry Agartala,209,44,19,,,
12/06/20,TS47,Tumbledry Lalbagh,182,44,21,,,
24/08/19,TS5,tumbledry Gokhale,186,44,23,,,
28/03/21,TS99,Tumbledry Rudrapur,270,44,25,,,
29/07/25,A831,Nere Pune,145,44,27,,,
06/11/25,A873,Akola 2 Maharashtra,3,44,29,,,
31/08/25,T356,Undri Pune,144,44,31,,,
16/09/25,A898,Bhind MP,207,44,33,,,
01/10/25,C005,Morena MP,95,44,35,,,
31/10/25,A181,Kanpur New Civil,244,44,37,,,
19/09/25,A977,Line Par Moradabad,141,44,39,,,
16/01/24,A057,Ghaziabad Shastri,73,44,41,,,
29/02/24,A082,Hyderabad,154,44,43,,,
29/05/24,A114,Noida Sector 150,100,44,45,,,
19/02/24,A162,Mumbai Bhandup,255,44,47,,,
29/02/24,A222,Sector 1 Greater,226,44,49,,,
06/04/24,A227,Kerala Kazhakoottam,91,44,51,,,
15/04/25,A745,Dhankot CC Haryana,94,44,53,,,
30/04/24,B004,Noida Sector 75,224,45,2,,,
28/05/24,B005,Bihar Katihar CC,224,45,4,,,
22/07/24,B006,Pune Amanora,136,45,6,,,
31/07/24,B008,Thane Dhakoli,210,45,8,,,
30/09/24,B011,Rajahmundry,112,45,10,,,
28/12/24,B013,Lulu Mall Lucknow,98,45,12,,,
12/07/25,B019,Bhagalpur CC,40,45,14,,,
28/03/25,B020,Mumbai Ghatkopar,121,45,16,,,
30/05/25,B022,Wadgaon Sheri,182,45,18,,,
14/07/25,B023,Anna Nagar CC,114,45,20,,,
22/08/25,B024,Nallagandla,55,45,22,,,
02/09/25,B028,Mulund East Mumbai,65,45,24,,,
10/06/21,T100,Tumbledry Mulund,342,45,26,,,
06/03/21,T102,Tumbledry,148,45,28,,,
01/04/21,T109,Tumbledry Bhagalpur,573,45,30,,,
10/04/21,T113,Tumbledry Patia,400,45,32,,,
28/06/21,T118,Tumbledry Kharadi,605,45,34,,,
29/04/21,T123,Tumbledry Bomikhal,196,45,36,,,
18/03/21,T124,Viman Nagar,281,45,38,,,
23/07/21,T131,Tumbledry Baner,278,45,40,,,
05/09/21,T134,Tumbledry Vaishali,398,45,42,,,
19/06/21,T136,Tumbledry Thane,800,45,44,,,
23/07/21,T138,Tumbledry Anna,246,45,46,,,
31/07/21,T145,Tumbledry Amanora,342,45,48,,,
22/12/21,T146,Tumbledry Meadows,390,45,50,,,
19/07/21,T147,Tumbledry Pune,274,45,52,,,
04/04/22,T154,Madhu Vihar Delhi,46,45,54,Valid,TRUE,Vishal Home
25/10/21,T174,Tumbledry,153,46,3,,,
02/12/21,T181,Tumbledry East,123,46,5,,,
15/12/21,T183,Tumbledry JP,271,46,7,,,
17/01/22,T205,Gorakhpur Road,576,46,9,,,
29/09/23,T211,Wagholi Pune,209,46,11,,,
24/01/22,T218,Kothrud Pune,298,46,13,,,
11/03/22,T223,Beeramguda,410,46,15,,,
25/08/22,T242,Ashok Nagar Ranchi,278,46,17,,,
14/08/22,T246,IRC Village,128,46,19,,,
30/06/22,T250,BJB Nagar,155,46,21,,,
27/06/22,T261,HSR Layout,299,46,23,,,
10/06/22,T262,Solan Himanchal,495,46,25,,,
31/07/22,T275,Hanamkonda,186,46,27,,,
29/08/22,T282,Whitefield Bangalore,147,46,29,,,
24/06/22,T287,Moradabad Uttar,401,46,31,,,
20/07/22,T295,Ballygunge Kolkata,322,46,33,,,
14/08/22,T308,Sanjaynagar,316,46,35,,,
29/05/22,T311,Magarpatta Pune,286,46,37,,,
22/07/22,T322,Swaroop Nagar,516,46,39,,,
10/09/22,T325,Hyderabad Kondapur,604,46,41,,,
31/07/22,T332,Bavdhan Pune,304,46,43,,,
30/11/22,T334,Banshankari,223,46,45,,,
22/08/22,T338,Prabhadevi Mumb,286,46,47,,,
12/09/22,T353,Vellayambalam,399,46,49,,,
02/11/22,T408,Shanti Nagar,247,46,51,,,
07/08/22,T410,Aundh Pune,259,46,53,,,
08/10/22,T412,Dwarka Expressway,432,47,2,,,
14/10/22,T415,Chembur Mumbai,253,47,4,,,
30/11/22,T421,Vanasthalipuram,333,47,6,,,
31/10/22,T444,Porvorim Goa,414,47,8,,,
19/11/22,T476,Goregaon East,386,47,10,,,
22/11/22,T487,Hebbal Bangalore,167,47,12,,,
05/12/22,T490,Ghatkopar East,410,47,14,,,
13/01/23,T509,Horamavu Bangalore,267,47,16,,,
13/02/23,T514,Rajahmundry,446,47,18,,,
22/02/23,T530,Pachalam Kochi,164,47,20,,,
23/12/22,T548,Wakad Pune,317,47,22,,,
13/02/23,T556,DLF Gachibowli,258,47,24,,,
19/02/23,T560,Katihar Bihar,331,47,26,,,
15/12/22,T566,Nanakramguda,223,47,28,,,
03/02/23,T577,Sewri Cotton Green,233,47,30,,,
04/03/23,T594,Sector 14 Gurgaon,226,47,32,,,
15/04/23,T599,Kazhakoottam,239,47,34,,,
28/02/23,T630,Govind Nagar,375,47,36,,,
23/03/23,T635,Chennai Velachery,360,47,38,,,
23/03/23,T665,Nehru Nagar,197,47,40,,,
27/02/23,T666,Thiruvananthapuram,332,47,42,,,
13/03/23,T668,Koregaon Park,301,47,44,,,
30/06/23,T783,Raj Nagar Ghaziabad,259,47,46,,,
21/07/19,TS10,tumbledry Sector,1,47,48,,,
28/07/19,TS13,tumbledry Sec,424,47,50,,,
16/10/19,TS20,tumbledry Noida,547,47,52,,,
23/11/19,TS23,TMBL Faizabad,491,47,54,,,
25/02/20,TS28,Tumbledry Betihata,231,48,3,,,
02/09/22,TS31,tumbledry G Noida,508,48,5,,,
29/01/20,TS36,"Old Rajender Nagar, Delhi",191,48,7,Valid,FALSE,
21/08/20,TS43,Tumbledry Vashi,417,48,9,,,
01/06/22,TS48,South CIty Gurgaon,269,48,11,,,
18/03/20,TS50,Tumbledry Dehradun,185,48,13,,,
23/08/20,TS56,Tumbledry,312,48,15,,,
04/08/20,TS58,Tumbledry Noida,378,48,17,,,
23/08/20,TS60,Tumbledry Madhapur,426,48,19,,,
05/09/20,TS63,Tumbledry Haldwani,583,48,21,,,
19/10/20,TS64,Tumbledry Wanowrie,264,48,23,,,
24/10/20,TS68,Tumbledry Kavi,604,48,25,,,
02/11/20,TS70,Tumbledry Ghansoli,452,48,27,,,
25/10/20,TS72,Tumbledry Sec,276,48,29,,,
25/12/20,TS88,Surajmal Vihar,65,48,31,,,
24/02/21,TS89,Tumbledry Gomti,175,48,33,,,
30/01/21,TS90,Tumbledry Sector,125,48,35,,,
12/02/22,TS92,TD Rajnagar Ext,326,48,37,,,
19/09/25,A841,Sector Gandhinagar,188,48,39,,,
09/09/25,A925,Gandhidham 1,77,48,41,,,
17/11/25,A889,Mcleodganj,4,48,43,,,
19/10/25,C007,Sangrur Punjab,90,48,45,,,